{"accuracy": [0.5948218107223511, 0.8571448922157288, 0.9135358333587646, 0.9381321668624878, 0.9554164409637451, 0.9654883146286011, 0.9716480374336243, 0.9759727120399475, 0.9795148968696594, 0.981492280960083], "loss": [1.3751479387283325, 0.4531436562538147, 0.2685844600200653, 0.18459588289260864, 0.1371731460094452, 0.10553046315908432, 0.08520253002643585, 0.07236714661121368, 0.06320295482873917, 0.05711030215024948], "val_accuracy": [0.8281925916671753, 0.910254955291748, 0.9366036653518677, 0.9471887350082397, 0.9589118957519531, 0.9572046399116516, 0.9630662202835083, 0.9513430595397949, 0.9650580286979675, 0.9569200873374939], "val_loss": [0.5494392514228821, 0.27442246675491333, 0.19515518844127655, 0.16408464312553406, 0.1253303587436676, 0.1313505619764328, 0.12129825353622437, 0.16284377872943878, 0.1219906285405159, 0.14840850234031677]}